id,customer_name,country_code,service_code,vendor,weight_min,weight_max,rate,FSC,FOV_flat,FOV_percentage,gst,country_id
1,TANWAR INCORPORATION,,,,0,250,699,30,,,18,1
2,TANWAR INCORPORATION,,,,251,500,799,30,,,18,1
3,TANWAR INCORPORATION,,,,501,750,949,30,,,18,1
4,TANWAR INCORPORATION,,,,751,1000,1099,30,,,18,1
5,TANWAR INCORPORATION,,,,1001,1500,1399,30,,,18,1
6,TANWAR INCORPORATION,,,,1501,2000,1599,30,,,18,1
7,TANWAR INCORPORATION,,,,2001,2500,1949,30,,,18,1
8,TANWAR INCORPORATION,,,,2501,3000,2199,30,,,18,1
9,TANWAR INCORPORATION,,,,3001,3500,2449,30,,,18,1
10,TANWAR INCORPORATION,,,,3501,4000,2649,30,,,18,1
11,TANWAR INCORPORATION,,,,0,250,949,30,,,18,2
12,TANWAR INCORPORATION,,,,251,500,999,30,,,18,2
13,TANWAR INCORPORATION,,,,501,750,1099,30,,,18,2
14,TANWAR INCORPORATION,,,,751,1000,1249,30,,,18,2
15,TANWAR INCORPORATION,,,,1001,1500,1499,30,,,18,2
16,TANWAR INCORPORATION,,,,1501,2000,1749,30,,,18,2
17,TANWAR INCORPORATION,,,,0,250,979,30,,,18,3
18,TANWAR INCORPORATION,,,,251,500,1029,30,,,18,3
19,TANWAR INCORPORATION,,,,501,750,1229,30,,,18,3
20,TANWAR INCORPORATION,,,,751,1000,1339,30,,,18,3
21,TANWAR INCORPORATION,,,,1001,1500,1649,30,,,18,3
22,TANWAR INCORPORATION,,,,1501,2000,1949,30,,,18,3
23,TANWAR INCORPORATION,,,,2001,2500,2249,30,,,18,3
24,TANWAR INCORPORATION,,,,2501,3000,2559,30,,,18,3
25,TANWAR INCORPORATION,,,,3001,3500,2899,30,,,18,3
26,TANWAR INCORPORATION,,,,3501,4000,3199,30,,,18,3
27,TANWAR INCORPORATION,,,,4001,4500,3499,30,,,18,3
28,TANWAR INCORPORATION,,,,4501,5000,3849,30,,,18,3
29,TANWAR INCORPORATION,,,,0,250,599,30,,,18,4
30,TANWAR INCORPORATION,,,,251,500,649,30,,,18,4
31,TANWAR INCORPORATION,,,,501,750,799,30,,,18,4
32,TANWAR INCORPORATION,,,,751,1000,849,30,,,18,4
33,TANWAR INCORPORATION,,,,1001,1500,1049,30,,,18,4
34,TANWAR INCORPORATION,,,,1501,2000,1279,30,,,18,4
35,TANWAR INCORPORATION,,,,2001,2500,1499,30,,,18,4
36,TANWAR INCORPORATION,,,,2501,3000,1699,30,,,18,4
37,TANWAR INCORPORATION,,,,3001,3500,1949,30,,,18,4
38,TANWAR INCORPORATION,,,,3501,4000,2149,30,,,18,4
39,TANWAR INCORPORATION,,,,4001,4500,2349,30,,,18,4
40,TANWAR INCORPORATION,,,,4501,5000,2449,30,,,18,4
41,TANWAR INCORPORATION,,,,0,250,1249,30,,,18,5
42,TANWAR INCORPORATION,,,,251,500,1349,30,,,18,5
43,TANWAR INCORPORATION,,,,501,750,1499,30,,,18,5
44,TANWAR INCORPORATION,,,,751,1000,1599,30,,,18,5
45,TANWAR INCORPORATION,,,,1001,1500,1799,30,,,18,5
46,TANWAR INCORPORATION,,,,1501,2000,2049,30,,,18,5
47,TANWAR INCORPORATION,,,,2001,2500,2299,30,,,18,5
48,TANWAR INCORPORATION,,,,2501,3000,2499,30,,,18,5
49,TANWAR INCORPORATION,,,,3001,3500,2749,30,,,18,5
50,TANWAR INCORPORATION,,,,3501,4000,2999,30,,,18,5
51,TANWAR INCORPORATION,,,,4001,4500,3249,30,,,18,5
52,TANWAR INCORPORATION,,,,4501,5000,3499,30,,,18,5
53,TANWAR INCORPORATION,,,,0,250,899,30,,,18,6
54,TANWAR INCORPORATION,,,,251,500,949,30,,,18,6
55,TANWAR INCORPORATION,,,,501,750,1199,30,,,18,6
56,TANWAR INCORPORATION,,,,751,1000,1249,30,,,18,6
57,TANWAR INCORPORATION,,,,1001,1500,1549,30,,,18,6
58,TANWAR INCORPORATION,,,,1501,2000,1849,30,,,18,6
59,TANWAR INCORPORATION,,,,2001,2500,2099,30,,,18,6
60,TANWAR INCORPORATION,,,,2501,3000,2449,30,,,18,6
61,TANWAR INCORPORATION,,,,3001,3500,2699,30,,,18,6
62,TANWAR INCORPORATION,,,,3501,4000,2999,30,,,18,6
63,TANWAR INCORPORATION,,,,4001,4500,3299,30,,,18,6
64,TANWAR INCORPORATION,,,,4501,5000,3599,30,,,18,6
65,TANWAR INCORPORATION,,,,0,250,499,30,,,18,7
66,TANWAR INCORPORATION,,,,251,500,599,30,,,18,7
67,TANWAR INCORPORATION,,,,501,750,679,30,,,18,7
68,TANWAR INCORPORATION,,,,751,1000,749,30,,,18,7
69,TANWAR INCORPORATION,,,,1001,1500,899,30,,,18,7
70,TANWAR INCORPORATION,,,,1501,2000,1049,30,,,18,7
71,TANWAR INCORPORATION,,,,2001,2500,1199,30,,,18,7
72,TANWAR INCORPORATION,,,,2501,3000,1349,30,,,18,7
73,TANWAR INCORPORATION,,,,3001,3500,1499,30,,,18,7
74,TANWAR INCORPORATION,,,,3501,4000,1649,30,,,18,7
75,TANWAR INCORPORATION,,,,4001,4500,1799,30,,,18,7
76,TANWAR INCORPORATION,,,,4501,5000,1949,30,,,18,7
77,TANWAR INCORPORATION,,,,0,250,299,30,,,18,8
78,TANWAR INCORPORATION,,,,251,500,399,30,,,18,8
79,TANWAR INCORPORATION,,,,501,750,499,30,,,18,8
80,TANWAR INCORPORATION,,,,751,1000,599,30,,,18,8
81,TANWAR INCORPORATION,,,,1001,1500,799,30,,,18,8
82,TANWAR INCORPORATION,,,,1501,2000,999,30,,,18,8
83,TANWAR INCORPORATION,,,,2001,2500,1099,30,,,18,8
84,TANWAR INCORPORATION,,,,0,250,749,30,,,18,9
85,TANWAR INCORPORATION,,,,251,500,849,30,,,18,9
86,TANWAR INCORPORATION,,,,501,750,999,30,,,18,9
87,TANWAR INCORPORATION,,,,751,1000,1049,30,,,18,9
88,TANWAR INCORPORATION,,,,1001,1500,1349,30,,,18,9
89,TANWAR INCORPORATION,,,,1501,2000,1549,30,,,18,9
90,TANWAR INCORPORATION,,,,2001,2500,1899,30,,,18,9
91,TANWAR INCORPORATION,,,,2501,3000,2099,30,,,18,9
92,TANWAR INCORPORATION,,,,3001,3500,2299,30,,,18,9
93,TANWAR INCORPORATION,,,,3501,4000,2549,30,,,18,9
94,TANWAR INCORPORATION,,,,4001,4500,2749,30,,,18,9
95,TANWAR INCORPORATION,,,,4501,5000,2999,30,,,18,9
96,TANWAR INCORPORATION,,,,0,250,749,30,,,18,10
97,TANWAR INCORPORATION,,,,251,500,849,30,,,18,10
98,TANWAR INCORPORATION,,,,501,750,949,30,,,18,10
99,TANWAR INCORPORATION,,,,751,1000,1049,30,,,18,10
100,TANWAR INCORPORATION,,,,1001,1500,1299,30,,,18,10
101,TANWAR INCORPORATION,,,,1501,2000,1499,30,,,18,10
102,TANWAR INCORPORATION,,,,2001,2500,1749,30,,,18,10
103,TANWAR INCORPORATION,,,,2501,3000,1949,30,,,18,10
104,TANWAR INCORPORATION,,,,3001,3500,2199,30,,,18,10
105,TANWAR INCORPORATION,,,,3501,4000,2399,30,,,18,10
106,TANWAR INCORPORATION,,,,4001,4500,2599,30,,,18,10
107,TANWAR INCORPORATION,,,,4501,5000,2849,30,,,18,10
108,TANWAR INCORPORATION,,,,0,250,1199,30,,,18,11
109,TANWAR INCORPORATION,,,,251,500,1249,30,,,18,11
110,TANWAR INCORPORATION,,,,501,750,1399,30,,,18,11
111,TANWAR INCORPORATION,,,,751,1000,1499,30,,,18,11
112,TANWAR INCORPORATION,,,,1001,1500,1799,30,,,18,11
113,TANWAR INCORPORATION,,,,1501,2000,1999,30,,,18,11
114,TANWAR INCORPORATION,,,,2001,2500,2449,30,,,18,11
115,TANWAR INCORPORATION,,,,2501,3000,2649,30,,,18,11
116,TANWAR INCORPORATION,,,,3001,3500,2899,30,,,18,11
117,TANWAR INCORPORATION,,,,3501,4000,3099,30,,,18,11
118,TANWAR INCORPORATION,,,,4001,4500,3299,30,,,18,11
119,TANWAR INCORPORATION,,,,4501,5000,3549,30,,,18,11
120,TANWAR INCORPORATION,,,,0,250,1199,30,,,18,12
121,TANWAR INCORPORATION,,,,251,500,1249,30,,,18,12
122,TANWAR INCORPORATION,,,,501,750,1399,30,,,18,12
123,TANWAR INCORPORATION,,,,751,1000,1499,30,,,18,12
124,TANWAR INCORPORATION,,,,1001,1500,1799,30,,,18,12
125,TANWAR INCORPORATION,,,,1501,2000,1999,30,,,18,12
126,TANWAR INCORPORATION,,,,2001,2500,2449,30,,,18,12
127,TANWAR INCORPORATION,,,,2501,3000,2649,30,,,18,12
128,TANWAR INCORPORATION,,,,3001,3500,2899,30,,,18,12
129,TANWAR INCORPORATION,,,,3501,4000,3099,30,,,18,12
130,TANWAR INCORPORATION,,,,4001,4500,3299,30,,,18,12
131,TANWAR INCORPORATION,,,,4501,5000,3549,30,,,18,12
132,TANWAR INCORPORATION,,,,0,250,1199,30,,,18,13
133,TANWAR INCORPORATION,,,,251,500,1249,30,,,18,13
134,TANWAR INCORPORATION,,,,501,750,1399,30,,,18,13
135,TANWAR INCORPORATION,,,,751,1000,1499,30,,,18,13
136,TANWAR INCORPORATION,,,,1001,1500,1799,30,,,18,13
137,TANWAR INCORPORATION,,,,1501,2000,1999,30,,,18,13
138,TANWAR INCORPORATION,,,,2001,2500,2449,30,,,18,13
139,TANWAR INCORPORATION,,,,2501,3000,2649,30,,,18,13
140,TANWAR INCORPORATION,,,,3001,3500,2899,30,,,18,13
141,TANWAR INCORPORATION,,,,3501,4000,3099,30,,,18,13
142,TANWAR INCORPORATION,,,,4001,4500,3299,30,,,18,13
143,TANWAR INCORPORATION,,,,4501,5000,3549,30,,,18,13
144,TANWAR INCORPORATION,,,,0,250,999,30,,,18,14
145,TANWAR INCORPORATION,,,,251,500,1049,30,,,18,14
146,TANWAR INCORPORATION,,,,501,750,1199,30,,,18,14
147,TANWAR INCORPORATION,,,,751,1000,1249,30,,,18,14
148,TANWAR INCORPORATION,,,,1001,1500,1499,30,,,18,14
149,TANWAR INCORPORATION,,,,1501,2000,1699,30,,,18,14
150,TANWAR INCORPORATION,,,,2001,2500,1949,30,,,18,14
151,TANWAR INCORPORATION,,,,2501,3000,2149,30,,,18,14
152,TANWAR INCORPORATION,,,,3001,3500,2349,30,,,18,14
153,TANWAR INCORPORATION,,,,3501,4000,2599,30,,,18,14
154,TANWAR INCORPORATION,,,,4001,4500,2799,30,,,18,14
155,TANWAR INCORPORATION,,,,4501,5000,2999,30,,,18,14
156,TANWAR INCORPORATION,,,,0,250,1199,30,,,18,15
157,TANWAR INCORPORATION,,,,251,500,1249,30,,,18,15
158,TANWAR INCORPORATION,,,,501,750,1399,30,,,18,15
159,TANWAR INCORPORATION,,,,751,1000,1499,30,,,18,15
160,TANWAR INCORPORATION,,,,1001,1500,1699,30,,,18,15
161,TANWAR INCORPORATION,,,,1501,2000,1899,30,,,18,15
162,TANWAR INCORPORATION,,,,2001,2500,2099,30,,,18,15
163,TANWAR INCORPORATION,,,,2501,3000,2299,30,,,18,15
164,TANWAR INCORPORATION,,,,3001,3500,2499,30,,,18,15
165,TANWAR INCORPORATION,,,,3501,4000,2699,30,,,18,15
166,TANWAR INCORPORATION,,,,4001,4500,2899,30,,,18,15
167,TANWAR INCORPORATION,,,,4501,5000,3099,30,,,18,15
168,TANWAR INCORPORATION,,,,0,250,1099,30,,,18,16
169,TANWAR INCORPORATION,,,,251,500,1149,30,,,18,16
170,TANWAR INCORPORATION,,,,501,750,1299,30,,,18,16
171,TANWAR INCORPORATION,,,,751,1000,1399,30,,,18,16
172,TANWAR INCORPORATION,,,,1001,1500,1699,30,,,18,16
173,TANWAR INCORPORATION,,,,1501,2000,1899,30,,,18,16
174,TANWAR INCORPORATION,,,,2001,2500,2349,30,,,18,16
175,TANWAR INCORPORATION,,,,2501,3000,2549,30,,,18,16
176,TANWAR INCORPORATION,,,,3001,3500,2749,30,,,18,16
177,TANWAR INCORPORATION,,,,3501,4000,2999,30,,,18,16
178,TANWAR INCORPORATION,,,,4001,4500,3199,30,,,18,16
179,TANWAR INCORPORATION,,,,4501,5000,3449,30,,,18,16
180,TANWAR INCORPORATION,,,,0,250,799,30,,,18,17
181,TANWAR INCORPORATION,,,,251,500,849,30,,,18,17
182,TANWAR INCORPORATION,,,,501,750,1199,30,,,18,17
183,TANWAR INCORPORATION,,,,751,1000,1299,30,,,18,17
184,TANWAR INCORPORATION,,,,1001,1500,1549,30,,,18,17
185,TANWAR INCORPORATION,,,,1501,2000,1799,30,,,18,17
186,TANWAR INCORPORATION,,,,2001,2500,2049,30,,,18,17
187,TANWAR INCORPORATION,,,,2501,3000,2299,30,,,18,17
188,TANWAR INCORPORATION,,,,3001,3500,2499,30,,,18,17
189,TANWAR INCORPORATION,,,,3501,4000,2749,30,,,18,17
190,TANWAR INCORPORATION,,,,4001,4500,2949,30,,,18,17
191,TANWAR INCORPORATION,,,,4501,5000,3149,30,,,18,17
192,TANWAR INCORPORATION,,,,0,250,699,30,,,18,18
193,TANWAR INCORPORATION,,,,251,500,799,30,,,18,18
194,TANWAR INCORPORATION,,,,501,750,1049,30,,,18,18
195,TANWAR INCORPORATION,,,,751,1000,1099,30,,,18,18
196,TANWAR INCORPORATION,,,,1001,1500,1449,30,,,18,18
197,TANWAR INCORPORATION,,,,1501,2000,1649,30,,,18,18
198,TANWAR INCORPORATION,,,,2001,2500,2099,30,,,18,18
199,TANWAR INCORPORATION,,,,2501,3000,2299,30,,,18,18
200,TANWAR INCORPORATION,,,,3001,3500,2499,30,,,18,18
201,TANWAR INCORPORATION,,,,3501,4000,2699,30,,,18,18
202,TANWAR INCORPORATION,,,,4001,4500,2899,30,,,18,18
203,TANWAR INCORPORATION,,,,4501,5000,3099,30,,,18,18
204,TANWAR INCORPORATION,,,,0,250,649,30,,,18,19
205,TANWAR INCORPORATION,,,,251,500,749,30,,,18,19
206,TANWAR INCORPORATION,,,,501,750,799,30,,,18,19
207,TANWAR INCORPORATION,,,,751,1000,899,30,,,18,19
208,TANWAR INCORPORATION,,,,1001,1500,1099,30,,,18,19
209,TANWAR INCORPORATION,,,,1501,2000,1299,30,,,18,19
210,TANWAR INCORPORATION,,,,2001,2500,1499,30,,,18,19
211,TANWAR INCORPORATION,,,,2501,3000,1699,30,,,18,19
212,TANWAR INCORPORATION,,,,3001,3500,1849,30,,,18,19
213,TANWAR INCORPORATION,,,,3501,4000,2049,30,,,18,19
214,TANWAR INCORPORATION,,,,4001,4500,2249,30,,,18,19
215,TANWAR INCORPORATION,,,,4501,5000,2449,30,,,18,19
216,TANWAR INCORPORATION,,,,0,250,799,30,,,18,20
217,TANWAR INCORPORATION,,,,251,500,899,30,,,18,20
218,TANWAR INCORPORATION,,,,501,750,1199,30,,,18,20
219,TANWAR INCORPORATION,,,,751,1000,1249,30,,,18,20
220,TANWAR INCORPORATION,,,,1001,1500,1549,30,,,18,20
221,TANWAR INCORPORATION,,,,1501,2000,1749,30,,,18,20
222,TANWAR INCORPORATION,,,,2001,2500,2199,30,,,18,20
223,TANWAR INCORPORATION,,,,2501,3000,2399,30,,,18,20
224,TANWAR INCORPORATION,,,,3001,3500,2599,30,,,18,20
225,TANWAR INCORPORATION,,,,3501,4000,2849,30,,,18,20
226,TANWAR INCORPORATION,,,,4001,4500,3049,30,,,18,20
227,TANWAR INCORPORATION,,,,4501,5000,3299,30,,,18,20
228,TANWAR INCORPORATION,,,,0,250,999,30,,,18,21
229,TANWAR INCORPORATION,,,,251,500,1049,30,,,18,21
230,TANWAR INCORPORATION,,,,501,750,1199,30,,,18,21
231,TANWAR INCORPORATION,,,,751,1000,1299,30,,,18,21
232,TANWAR INCORPORATION,,,,1001,1500,1549,30,,,18,21
233,TANWAR INCORPORATION,,,,1501,2000,1799,30,,,18,21
234,TANWAR INCORPORATION,,,,2001,2500,2149,30,,,18,21
235,TANWAR INCORPORATION,,,,2501,3000,2349,30,,,18,21
236,TANWAR INCORPORATION,,,,3001,3500,2599,30,,,18,21
237,TANWAR INCORPORATION,,,,3501,4000,2799,30,,,18,21
238,TANWAR INCORPORATION,,,,4001,4500,2999,30,,,18,21
239,TANWAR INCORPORATION,,,,4501,5000,3249,30,,,18,21
240,TANWAR INCORPORATION,,,,0,250,799,30,,,18,22
241,TANWAR INCORPORATION,,,,251,500,849,30,,,18,22
242,TANWAR INCORPORATION,,,,501,750,999,30,,,18,22
243,TANWAR INCORPORATION,,,,751,1000,1099,30,,,18,22
244,TANWAR INCORPORATION,,,,1001,1500,1349,30,,,18,22
245,TANWAR INCORPORATION,,,,1501,2000,1549,30,,,18,22
246,TANWAR INCORPORATION,,,,2001,2500,1999,30,,,18,22
247,TANWAR INCORPORATION,,,,2501,3000,2249,30,,,18,22
248,TANWAR INCORPORATION,,,,3001,3500,2449,30,,,18,22
249,TANWAR INCORPORATION,,,,3501,4000,2649,30,,,18,22
250,TANWAR INCORPORATION,,,,4001,4500,2899,30,,,18,22
251,TANWAR INCORPORATION,,,,4501,5000,3099,30,,,18,22
252,TANWAR INCORPORATION,,,,0,250,699,30,,,18,23
253,TANWAR INCORPORATION,,,,251,500,799,30,,,18,23
254,TANWAR INCORPORATION,,,,501,750,899,30,,,18,23
255,TANWAR INCORPORATION,,,,751,1000,999,30,,,18,23
256,TANWAR INCORPORATION,,,,1001,1500,1249,30,,,18,23
257,TANWAR INCORPORATION,,,,1501,2000,1449,30,,,18,23
258,TANWAR INCORPORATION,,,,2001,2500,1749,30,,,18,23
259,TANWAR INCORPORATION,,,,2501,3000,1949,30,,,18,23
260,TANWAR INCORPORATION,,,,3001,3500,2199,30,,,18,23
261,TANWAR INCORPORATION,,,,3501,4000,2399,30,,,18,23
262,TANWAR INCORPORATION,,,,4001,4500,2649,30,,,18,23
263,TANWAR INCORPORATION,,,,4501,5000,2849,30,,,18,23
264,TANWAR INCORPORATION,,,,0,250,999,30,,,18,24
265,TANWAR INCORPORATION,,,,251,500,1049,30,,,18,24
266,TANWAR INCORPORATION,,,,501,750,1199,30,,,18,24
267,TANWAR INCORPORATION,,,,751,1000,1299,30,,,18,24
268,TANWAR INCORPORATION,,,,1001,1500,1549,30,,,18,24
269,TANWAR INCORPORATION,,,,1501,2000,1799,30,,,18,24
270,TANWAR INCORPORATION,,,,2001,2500,2199,30,,,18,24
271,TANWAR INCORPORATION,,,,2501,3000,2399,30,,,18,24
272,TANWAR INCORPORATION,,,,3001,3500,2649,30,,,18,24
273,TANWAR INCORPORATION,,,,3501,4000,2849,30,,,18,24
274,TANWAR INCORPORATION,,,,4001,4500,3099,30,,,18,24
275,TANWAR INCORPORATION,,,,4501,5000,3299,30,,,18,24
276,TANWAR INCORPORATION,,,,0,250,999,30,,,18,25
277,TANWAR INCORPORATION,,,,251,500,1049,30,,,18,25
278,TANWAR INCORPORATION,,,,501,750,1199,30,,,18,25
279,TANWAR INCORPORATION,,,,751,1000,1299,30,,,18,25
280,TANWAR INCORPORATION,,,,1001,1500,1549,30,,,18,25
281,TANWAR INCORPORATION,,,,1501,2000,1799,30,,,18,25
282,TANWAR INCORPORATION,,,,2001,2500,2199,30,,,18,25
283,TANWAR INCORPORATION,,,,2501,3000,2399,30,,,18,25
284,TANWAR INCORPORATION,,,,3001,3500,2649,30,,,18,25
285,TANWAR INCORPORATION,,,,3501,4000,2849,30,,,18,25
286,TANWAR INCORPORATION,,,,4001,4500,3099,30,,,18,25
287,TANWAR INCORPORATION,,,,4501,5000,3299,30,,,18,25
288,TANWAR INCORPORATION,,,,0,250,799,30,,,18,26
289,TANWAR INCORPORATION,,,,251,500,899,30,,,18,26
290,TANWAR INCORPORATION,,,,501,750,999,30,,,18,26
291,TANWAR INCORPORATION,,,,751,1000,1099,30,,,18,26
292,TANWAR INCORPORATION,,,,1001,1500,1299,30,,,18,26
293,TANWAR INCORPORATION,,,,1501,2000,1549,30,,,18,26
294,TANWAR INCORPORATION,,,,2001,2500,1749,30,,,18,26
295,TANWAR INCORPORATION,,,,2501,3000,1949,30,,,18,26
296,TANWAR INCORPORATION,,,,3001,3500,2199,30,,,18,26
297,TANWAR INCORPORATION,,,,3501,4000,2399,30,,,18,26
298,TANWAR INCORPORATION,,,,4001,4500,2649,30,,,18,26
299,TANWAR INCORPORATION,,,,4501,5000,2849,30,,,18,26
300,TANWAR INCORPORATION,,,,0,250,1199,30,,,18,27
301,TANWAR INCORPORATION,,,,251,500,1249,30,,,18,27
302,TANWAR INCORPORATION,,,,501,750,1399,30,,,18,27
303,TANWAR INCORPORATION,,,,751,1000,1499,30,,,18,27
304,TANWAR INCORPORATION,,,,1001,1500,1799,30,,,18,27
305,TANWAR INCORPORATION,,,,1501,2000,1999,30,,,18,27
306,TANWAR INCORPORATION,,,,2001,2500,2449,30,,,18,27
307,TANWAR INCORPORATION,,,,2501,3000,2649,30,,,18,27
308,TANWAR INCORPORATION,,,,3001,3500,2899,30,,,18,27
309,TANWAR INCORPORATION,,,,3501,4000,3099,30,,,18,27
310,TANWAR INCORPORATION,,,,4001,4500,3299,30,,,18,27
311,TANWAR INCORPORATION,,,,4501,5000,3549,30,,,18,27
312,TANWAR INCORPORATION,,,,0,250,699,30,,,18,28
313,TANWAR INCORPORATION,,,,251,500,799,30,,,18,28
314,TANWAR INCORPORATION,,,,501,750,899,30,,,18,28
315,TANWAR INCORPORATION,,,,751,1000,999,30,,,18,28
316,TANWAR INCORPORATION,,,,1001,1500,1199,30,,,18,28
317,TANWAR INCORPORATION,,,,1501,2000,1449,30,,,18,28
318,TANWAR INCORPORATION,,,,2001,2500,1649,30,,,18,28
319,TANWAR INCORPORATION,,,,2501,3000,1849,30,,,18,28
320,TANWAR INCORPORATION,,,,3001,3500,2099,30,,,18,28
321,TANWAR INCORPORATION,,,,3501,4000,2299,30,,,18,28
322,TANWAR INCORPORATION,,,,4001,4500,2499,30,,,18,28
323,TANWAR INCORPORATION,,,,4501,5000,2749,30,,,18,28
324,TANWAR INCORPORATION,,,,0,250,999,30,,,18,29
325,TANWAR INCORPORATION,,,,251,500,1049,30,,,18,29
326,TANWAR INCORPORATION,,,,501,750,1199,30,,,18,29
327,TANWAR INCORPORATION,,,,751,1000,1249,30,,,18,29
328,TANWAR INCORPORATION,,,,1001,1500,1499,30,,,18,29
329,TANWAR INCORPORATION,,,,1501,2000,1749,30,,,18,29
330,TANWAR INCORPORATION,,,,2001,2500,1949,30,,,18,29
331,TANWAR INCORPORATION,,,,2501,3000,2149,30,,,18,29
332,TANWAR INCORPORATION,,,,3001,3500,2399,30,,,18,29
333,TANWAR INCORPORATION,,,,3501,4000,2599,30,,,18,29
334,TANWAR INCORPORATION,,,,4001,4500,2849,30,,,18,29
335,TANWAR INCORPORATION,,,,4501,5000,3049,30,,,18,29
336,TANWAR INCORPORATION,,,,0,250,649,30,,,18,30
337,TANWAR INCORPORATION,,,,251,500,699,30,,,18,30
338,TANWAR INCORPORATION,,,,501,750,849,30,,,18,30
339,TANWAR INCORPORATION,,,,751,1000,949,30,,,18,30
340,TANWAR INCORPORATION,,,,1001,1500,1149,30,,,18,30
341,TANWAR INCORPORATION,,,,1501,2000,1399,30,,,18,30
342,TANWAR INCORPORATION,,,,2001,2500,1749,30,,,18,30
343,TANWAR INCORPORATION,,,,2501,3000,1999,30,,,18,30
344,TANWAR INCORPORATION,,,,3001,3500,2199,30,,,18,30
345,TANWAR INCORPORATION,,,,3501,4000,2399,30,,,18,30
346,TANWAR INCORPORATION,,,,4001,4500,2649,30,,,18,30
347,TANWAR INCORPORATION,,,,4501,5000,2849,30,,,18,30
348,TANWAR INCORPORATION,,,,0,250,749,30,,,18,31
349,TANWAR INCORPORATION,,,,251,500,799,30,,,18,31
350,TANWAR INCORPORATION,,,,501,750,1149,30,,,18,31
351,TANWAR INCORPORATION,,,,751,1000,1249,30,,,18,31
352,TANWAR INCORPORATION,,,,1001,1500,1599,30,,,18,31
353,TANWAR INCORPORATION,,,,1501,2000,1849,30,,,18,31
354,TANWAR INCORPORATION,,,,2001,2500,2249,30,,,18,31
355,TANWAR INCORPORATION,,,,2501,3000,2499,30,,,18,31
356,TANWAR INCORPORATION,,,,3001,3500,2699,30,,,18,31
357,TANWAR INCORPORATION,,,,3501,4000,2899,30,,,18,31
358,TANWAR INCORPORATION,,,,4001,4500,3149,30,,,18,31
359,TANWAR INCORPORATION,,,,4501,5000,3349,30,,,18,31
360,TANWAR INCORPORATION,,,,0,250,999,30,,,18,32
361,TANWAR INCORPORATION,,,,251,500,1049,30,,,18,32
362,TANWAR INCORPORATION,,,,501,750,1199,30,,,18,32
363,TANWAR INCORPORATION,,,,751,1000,1299,30,,,18,32
364,TANWAR INCORPORATION,,,,1001,1500,1549,30,,,18,32
365,TANWAR INCORPORATION,,,,1501,2000,1799,30,,,18,32
366,TANWAR INCORPORATION,,,,2001,2500,2199,30,,,18,32
367,TANWAR INCORPORATION,,,,2501,3000,2399,30,,,18,32
368,TANWAR INCORPORATION,,,,3001,3500,2599,30,,,18,32
369,TANWAR INCORPORATION,,,,3501,4000,2749,30,,,18,32
370,TANWAR INCORPORATION,,,,4001,4500,2949,30,,,18,32
371,TANWAR INCORPORATION,,,,4501,5000,3149,30,,,18,32
372,TANWAR INCORPORATION,,,,0,250,999,30,,,18,33
373,TANWAR INCORPORATION,,,,251,500,1049,30,,,18,33
374,TANWAR INCORPORATION,,,,501,750,1199,30,,,18,33
375,TANWAR INCORPORATION,,,,751,1000,1299,30,,,18,33
376,TANWAR INCORPORATION,,,,1001,1500,1549,30,,,18,33
377,TANWAR INCORPORATION,,,,1501,2000,1799,30,,,18,33
378,TANWAR INCORPORATION,,,,2001,2500,2199,30,,,18,33
379,TANWAR INCORPORATION,,,,2501,3000,2399,30,,,18,33
380,TANWAR INCORPORATION,,,,3001,3500,2599,30,,,18,33
381,TANWAR INCORPORATION,,,,3501,4000,2749,30,,,18,33
382,TANWAR INCORPORATION,,,,4001,4500,2949,30,,,18,33
383,TANWAR INCORPORATION,,,,4501,5000,3149,30,,,18,33
384,TANWAR INCORPORATION,,,,0,250,649,30,,,18,34
385,TANWAR INCORPORATION,,,,251,500,699,30,,,18,34
386,TANWAR INCORPORATION,,,,501,750,849,30,,,18,34
387,TANWAR INCORPORATION,,,,751,1000,899,30,,,18,34
388,TANWAR INCORPORATION,,,,1001,1500,1149,30,,,18,34
389,TANWAR INCORPORATION,,,,1501,2000,1399,30,,,18,34
390,TANWAR INCORPORATION,,,,2001,2500,1849,30,,,18,34
391,TANWAR INCORPORATION,,,,2501,3000,2049,30,,,18,34
392,TANWAR INCORPORATION,,,,3001,3500,2249,30,,,18,34
393,TANWAR INCORPORATION,,,,3501,4000,2499,30,,,18,34
394,TANWAR INCORPORATION,,,,4001,4500,2699,30,,,18,34
395,TANWAR INCORPORATION,,,,4501,5000,2899,30,,,18,34
396,TANWAR INCORPORATION,,,,0,250,849,30,,,18,35
397,TANWAR INCORPORATION,,,,251,500,899,30,,,18,35
398,TANWAR INCORPORATION,,,,501,750,1199,30,,,18,35
399,TANWAR INCORPORATION,,,,751,1000,1249,30,,,18,35
400,TANWAR INCORPORATION,,,,1001,1500,1799,30,,,18,35
401,TANWAR INCORPORATION,,,,1501,2000,1999,30,,,18,35
402,TANWAR INCORPORATION,,,,2001,2500,2249,30,,,18,35
403,TANWAR INCORPORATION,,,,2501,3000,2449,30,,,18,35
404,TANWAR INCORPORATION,,,,3001,3500,2699,30,,,18,35
405,TANWAR INCORPORATION,,,,3501,4000,2899,30,,,18,35
406,TANWAR INCORPORATION,,,,4001,4500,3099,30,,,18,35
407,TANWAR INCORPORATION,,,,4501,5000,3349,30,,,18,35
408,TANWAR INCORPORATION,,,,0,250,429,30,,,18,36
409,TANWAR INCORPORATION,,,,251,500,449,30,,,18,36
410,TANWAR INCORPORATION,,,,501,750,549,30,,,18,36
411,TANWAR INCORPORATION,,,,751,1000,569,30,,,18,36
412,TANWAR INCORPORATION,,,,1001,1500,699,30,,,18,36
413,TANWAR INCORPORATION,,,,1501,2000,799,30,,,18,36
414,TANWAR INCORPORATION,,,,2001,2500,949,30,,,18,36
415,TANWAR INCORPORATION,,,,2501,3000,1049,30,,,18,36
416,TANWAR INCORPORATION,,,,3001,3500,1199,30,,,18,36
417,TANWAR INCORPORATION,,,,3501,4000,1299,30,,,18,36
418,TANWAR INCORPORATION,,,,4001,4500,1399,30,,,18,36
419,TANWAR INCORPORATION,,,,4501,5000,1549,30,,,18,36
420,TANWAR INCORPORATION,,,,0,250,299,30,,,18,37
421,TANWAR INCORPORATION,,,,251,500,339,30,,,18,37
422,TANWAR INCORPORATION,,,,501,750,429,30,,,18,37
423,TANWAR INCORPORATION,,,,751,1000,449,30,,,18,37
424,TANWAR INCORPORATION,,,,1001,1500,579,30,,,18,37
425,TANWAR INCORPORATION,,,,1501,2000,679,30,,,18,37
426,TANWAR INCORPORATION,,,,2001,2500,789,30,,,18,37
427,TANWAR INCORPORATION,,,,2501,3000,899,30,,,18,37
428,TANWAR INCORPORATION,,,,3001,3500,999,30,,,18,37
429,TANWAR INCORPORATION,,,,3501,4000,1099,30,,,18,37
430,TANWAR INCORPORATION,,,,4001,4500,1249,30,,,18,37
431,TANWAR INCORPORATION,,,,4501,5000,1349,30,,,18,37
432,TANWAR INCORPORATION,,,,0,250,199,30,,,18,38
433,TANWAR INCORPORATION,,,,251,500,219,30,,,18,38
434,TANWAR INCORPORATION,,,,501,750,299,30,,,18,38
435,TANWAR INCORPORATION,,,,751,1000,329,30,,,18,38
436,TANWAR INCORPORATION,,,,1001,1500,429,30,,,18,38
437,TANWAR INCORPORATION,,,,1501,2000,529,30,,,18,38
438,TANWAR INCORPORATION,,,,2001,2500,629,30,,,18,38
439,TANWAR INCORPORATION,,,,2501,3000,729,30,,,18,38
440,TANWAR INCORPORATION,,,,3001,3500,829,30,,,18,38
441,TANWAR INCORPORATION,,,,3501,4000,929,30,,,18,38
442,TANWAR INCORPORATION,,,,4001,4500,1029,30,,,18,38
443,TANWAR INCORPORATION,,,,4501,5000,1129,30,,,18,38
444,TANWAR INCORPORATION,,,,0,250,299,30,,,18,39
445,TANWAR INCORPORATION,,,,251,500,329,30,,,18,39
446,TANWAR INCORPORATION,,,,501,750,399,30,,,18,39
447,TANWAR INCORPORATION,,,,751,1000,429,30,,,18,39
448,TANWAR INCORPORATION,,,,1001,1500,519,30,,,18,39
449,TANWAR INCORPORATION,,,,1501,2000,599,30,,,18,39
450,TANWAR INCORPORATION,,,,2001,2500,699,30,,,18,39
451,TANWAR INCORPORATION,,,,2501,3000,799,30,,,18,39
452,TANWAR INCORPORATION,,,,3001,3500,899,30,,,18,39
453,TANWAR INCORPORATION,,,,3501,4000,999,30,,,18,39
454,TANWAR INCORPORATION,,,,4001,4500,1099,30,,,18,39
455,TANWAR INCORPORATION,,,,4501,5000,1199,30,,,18,39
456,TANWAR INCORPORATION,,,,0,250,999,30,,,18,40
457,TANWAR INCORPORATION,,,,251,500,1049,30,,,18,40
458,TANWAR INCORPORATION,,,,501,750,1149,30,,,18,40
459,TANWAR INCORPORATION,,,,751,1000,1199,30,,,18,40
460,TANWAR INCORPORATION,,,,1001,1500,1349,30,,,18,40
461,TANWAR INCORPORATION,,,,1501,2000,1499,30,,,18,40
462,TANWAR INCORPORATION,,,,2001,2500,1649,30,,,18,40
463,TANWAR INCORPORATION,,,,2501,3000,1799,30,,,18,40
464,TANWAR INCORPORATION,,,,3001,3500,1949,30,,,18,40
465,TANWAR INCORPORATION,,,,3501,4000,2049,30,,,18,40
466,TANWAR INCORPORATION,,,,4001,4500,2199,30,,,18,40
467,TANWAR INCORPORATION,,,,4501,5000,2349,30,,,18,40
468,TANWAR INCORPORATION,,,,0,250,599,30,,,18,41
469,TANWAR INCORPORATION,,,,251,500,649,30,,,18,41
470,TANWAR INCORPORATION,,,,501,750,799,30,,,18,41
471,TANWAR INCORPORATION,,,,751,1000,829,30,,,18,41
472,TANWAR INCORPORATION,,,,1001,1500,999,30,,,18,41
473,TANWAR INCORPORATION,,,,1501,2000,1199,30,,,18,41
474,TANWAR INCORPORATION,,,,2001,2500,1349,30,,,18,41
475,TANWAR INCORPORATION,,,,2501,3000,1499,30,,,18,41
476,TANWAR INCORPORATION,,,,3001,3500,1699,30,,,18,41
477,TANWAR INCORPORATION,,,,3501,4000,1899,30,,,18,41
478,TANWAR INCORPORATION,,,,4001,4500,2049,30,,,18,41
479,TANWAR INCORPORATION,,,,4501,5000,2249,30,,,18,41
480,TANWAR INCORPORATION,,,,0,250,669,30,,,18,42
481,TANWAR INCORPORATION,,,,251,500,719,30,,,18,42
482,TANWAR INCORPORATION,,,,501,750,849,30,,,18,42
483,TANWAR INCORPORATION,,,,751,1000,879,30,,,18,42
484,TANWAR INCORPORATION,,,,1001,1500,999,30,,,18,42
485,TANWAR INCORPORATION,,,,1501,2000,1149,30,,,18,42
486,TANWAR INCORPORATION,,,,2001,2500,1299,30,,,18,42
487,TANWAR INCORPORATION,,,,2501,3000,1449,30,,,18,42
488,TANWAR INCORPORATION,,,,3001,3500,1599,30,,,18,42
489,TANWAR INCORPORATION,,,,3501,4000,1729,30,,,18,42
490,TANWAR INCORPORATION,,,,4001,4500,1889,30,,,18,42
491,TANWAR INCORPORATION,,,,4501,5000,1999,30,,,18,42
492,TANWAR INCORPORATION,,,,0,250,369,30,,,18,43
493,TANWAR INCORPORATION,,,,251,500,399,30,,,18,43
494,TANWAR INCORPORATION,,,,501,750,529,30,,,18,43
495,TANWAR INCORPORATION,,,,751,1000,549,30,,,18,43
496,TANWAR INCORPORATION,,,,1001,1500,699,30,,,18,43
497,TANWAR INCORPORATION,,,,1501,2000,849,30,,,18,43
498,TANWAR INCORPORATION,,,,2001,2500,999,30,,,18,43
499,TANWAR INCORPORATION,,,,2501,3000,1149,30,,,18,43
500,TANWAR INCORPORATION,,,,3001,3500,1299,30,,,18,43
501,TANWAR INCORPORATION,,,,3501,4000,1449,30,,,18,43
502,TANWAR INCORPORATION,,,,4001,4500,1599,30,,,18,43
503,TANWAR INCORPORATION,,,,4501,5000,1749,30,,,18,43
504,TANWAR INCORPORATION,,,,0,250,749,30,,,18,44
505,TANWAR INCORPORATION,,,,251,500,799,30,,,18,44
506,TANWAR INCORPORATION,,,,501,750,919,30,,,18,44
507,TANWAR INCORPORATION,,,,751,1000,959,30,,,18,44
508,TANWAR INCORPORATION,,,,1001,1500,1129,30,,,18,44
509,TANWAR INCORPORATION,,,,1501,2000,1299,30,,,18,44
510,TANWAR INCORPORATION,,,,2001,2500,1449,30,,,18,44
511,TANWAR INCORPORATION,,,,2501,3000,1619,30,,,18,44
512,TANWAR INCORPORATION,,,,3001,3500,1799,30,,,18,44
513,TANWAR INCORPORATION,,,,3501,4000,1949,30,,,18,44
514,TANWAR INCORPORATION,,,,4001,4500,2099,30,,,18,44
515,TANWAR INCORPORATION,,,,4501,5000,2279,30,,,18,44
516,TANWAR INCORPORATION,,,,0,250,599,30,,,18,45
517,TANWAR INCORPORATION,,,,251,500,649,30,,,18,45
518,TANWAR INCORPORATION,,,,501,750,849,30,,,18,45
519,TANWAR INCORPORATION,,,,751,1000,899,30,,,18,45
520,TANWAR INCORPORATION,,,,1001,1500,1099,30,,,18,45
521,TANWAR INCORPORATION,,,,1501,2000,1349,30,,,18,45
522,TANWAR INCORPORATION,,,,2001,2500,1549,30,,,18,45
523,TANWAR INCORPORATION,,,,2501,3000,1799,30,,,18,45
524,TANWAR INCORPORATION,,,,3001,3500,1999,30,,,18,45
525,TANWAR INCORPORATION,,,,3501,4000,2249,30,,,18,45
526,TANWAR INCORPORATION,,,,4001,4500,2449,30,,,18,45
527,TANWAR INCORPORATION,,,,4501,5000,2699,30,,,18,45
528,TANWAR INCORPORATION,,,,0,250,349,30,,,18,46
529,TANWAR INCORPORATION,,,,251,500,399,30,,,18,46
530,TANWAR INCORPORATION,,,,501,750,549,30,,,18,46
531,TANWAR INCORPORATION,,,,751,1000,579,30,,,18,46
532,TANWAR INCORPORATION,,,,1001,1500,749,30,,,18,46
533,TANWAR INCORPORATION,,,,1501,2000,949,30,,,18,46
534,TANWAR INCORPORATION,,,,2001,2500,1099,30,,,18,46
535,TANWAR INCORPORATION,,,,2501,3000,1299,30,,,18,46
536,TANWAR INCORPORATION,,,,3001,3500,1449,30,,,18,46
537,TANWAR INCORPORATION,,,,3501,4000,1649,30,,,18,46
538,TANWAR INCORPORATION,,,,4001,4500,1799,30,,,18,46
539,TANWAR INCORPORATION,,,,4501,5000,1999,30,,,18,46
540,TANWAR INCORPORATION,,,,0,250,599,30,,,18,47
541,TANWAR INCORPORATION,,,,251,500,649,30,,,18,47
542,TANWAR INCORPORATION,,,,501,750,749,30,,,18,47
543,TANWAR INCORPORATION,,,,751,1000,799,30,,,18,47
544,TANWAR INCORPORATION,,,,1001,1500,949,30,,,18,47
545,TANWAR INCORPORATION,,,,1501,2000,1099,30,,,18,47
546,TANWAR INCORPORATION,,,,2001,2500,1249,30,,,18,47
547,TANWAR INCORPORATION,,,,2501,3000,1399,30,,,18,47
548,TANWAR INCORPORATION,,,,3001,3500,1549,30,,,18,47
549,TANWAR INCORPORATION,,,,3501,4000,1699,30,,,18,47
550,TANWAR INCORPORATION,,,,4001,4500,1849,30,,,18,47
551,TANWAR INCORPORATION,,,,4501,5000,1999,30,,,18,47
552,TANWAR INCORPORATION,,,,0,250,469,30,,,18,48
553,TANWAR INCORPORATION,,,,251,500,499,30,,,18,48
554,TANWAR INCORPORATION,,,,501,750,649,30,,,18,48
555,TANWAR INCORPORATION,,,,751,1000,669,30,,,18,48
556,TANWAR INCORPORATION,,,,1001,1500,849,30,,,18,48
557,TANWAR INCORPORATION,,,,1501,2000,999,30,,,18,48
558,TANWAR INCORPORATION,,,,2001,2500,1199,30,,,18,48
559,TANWAR INCORPORATION,,,,2501,3000,1349,30,,,18,48
560,TANWAR INCORPORATION,,,,3001,3500,1549,30,,,18,48
561,TANWAR INCORPORATION,,,,3501,4000,1699,30,,,18,48
562,TANWAR INCORPORATION,,,,4001,4500,1849,30,,,18,48
563,TANWAR INCORPORATION,,,,4501,5000,1999,30,,,18,48
